{"cameraMode":{"drawMode":0,"name":"Shaded","section":"Shading Mode"},"sceneLighting":true,"audioPlay":false,"sceneViewState":{"showFog":true,"showMaterialUpdate":false,"showSkybox":true,"showFlares":true,"showImageEffects":true,"showParticleSystems":true},"in2DMode":false,"pivot":{"x":18.790189743041993,"y":1.6101770401000977,"z":24.932537078857423},"rotation":{"x":-0.20750100910663606,"y":0.7270199656486511,"z":-0.24927431344985963,"w":-0.6051862835884094},"size":10.0,"orthographic":false}